,id,video_id,video_title,start_time,end_time,clip_name,frame_name,associated_text,associated_speech,associated_object,description,embedding,distance
5,4,2,FIABCI delegates visit Punggol Digital District,60,91.32,content/clips/FIABCI delegates visit Punggol Digital District_clip_1.mp4,content/frames/frame_1.png,"Here is a list of the text visible in the video provided, in chronological order:

SINGAPORE’S MOST HIGHLY
ANTICIPATED SMART DISTRICT

of how to use the data to organise the living,
the working, how people spend time here,
in the best, the most comfortable way.

Switch off lights and AC?
YES     NO

Cooling Tower Fan Speed
21.39%
SMART C

Cooling Tower Fan Speed
33.17%
Total Power Saved
7.500 KW
SMART AND SUSTAINABLE
ESTATE SOLUTIONS.
Total Power Saved
15.312 KW

LÁSZLÓ GÖNCZI | FIABCI Hungary

The masterplan, we have seen, it’s very nice,
very good, with a lot of greenery.

But what is interesting here, that when you are constructing buildings,

NE18 Punggol Coast Station
The new Punggol Coast MRT station is a collaboration between LTA and JTC.
The station is architecturally and structurally integrated with the Punggol
Digital District (PDD) development. Upon completion of the C715 tunnelling
works, the tunnel boring machines would break through at the Receiving Shaft
within PDD. This will mark the official connection between the existing
Punggol MRT station and PDD development.
LEGEND

But what is interesting here, that when you are constructing buildings,

Everyone is
welcome at
Punggol Digital
District
PDD is connected to the rest of Singapore by
expressways, an upcoming integrated bus interchange,
as well as the future Punggol Coast MRT station. It is a
short drive to Changi Airport, Seletar Airport and the
Central Business District.
Besides PDD’s proximity to existing destinations such as
Punggol Promenade and Coney Island, new amenities
such as childcare centres, hawker centre and a
community club make it a one-stop hub that fully
embodies the live-work-learn-play lifestyle.

allowing for a really good life when they are at home.

So, congratulations.

BUILDING INDUSTRIES ®

jtc","of how to use the data to organise the living, the working, the spending time here, in the best, the most comfortable way. The masterplan, we have seen, it's very nice, very good, with a lot of greenery. But what is interesting here, that when you are constructing buildings, there are a lot of amenities for the people, allowing for a really good life when they are at home. So, congratulations.","Certainly, here is a description of the people in the provided video.

The video shows two people. The first person is a woman with shoulder-length blonde hair. She is wearing a light pink blazer and a lanyard around her neck. She appears to be in her thirties and has a calm and professional demeanor. She is speaking to the camera, explaining how data is used to organize living and working spaces. She uses her hands to gesture as she speaks.

The second person is László Gönczi, from FIABCI Hungary. He is an older man with short, gray hair. He is wearing a dark polo shirt with a logo on it. He appears to be in his sixties or seventies. He has a friendly and approachable demeanor. He is shown speaking to the camera, expressing his positive opinion of a masterplan for a new development. He seems pleased with the design and the inclusion of green spaces. He also comments on the amenities provided for residents.","Here is a description of the video in chronological order:

The video opens with a woman speaking. She is standing in front of a large screen displaying an image of a city and the words, “Singapore’s Most Highly Anticipated Smart District.” She discusses how data is used to organize living and working spaces, and to determine how people spend their time in the district.

Next, a pop-up box appears on the screen, asking, “Switch off lights and AC?” with “Yes” and “No” options. Then, two graphs appear, showing data on cooling tower fan speed and total power saved. The numbers on the graphs change, indicating energy savings.

A man is then shown speaking. He is identified as László Gönczi from FIABCI Hungary. He comments on the masterplan for the district, noting that it is very nice and includes a lot of greenery. He then points out that when buildings are constructed, there are a lot of amenities for the people, allowing for a good quality of life.

The video then shows a model of the district, followed by images of informational posters about the Punggol Digital District. The posters highlight the district’s amenities and transportation links.

Finally, the video ends with the logos of Building Industries and JTC.","[0.004918518476188183, 0.011962203308939934, -0.03322863206267357, 0.009059524163603783, 0.05350276827812195, 0.02299581654369831, 0.02415837161242962, -0.007439989596605301, 0.03577404096722603, -0.024001609534025192, -0.001953058410435915, 0.020948024466633797, -0.0318567268550396, 0.014351648278534412, 0.021615516394376755, -0.05610479786992073, 0.0078035155311226845, 0.006323001813143492, 0.005043404642492533, -0.03801245614886284, -0.019174139946699142, 0.010995753109455109, -0.021385114639997482, -0.06195210665464401, 0.0059875906445086, -0.0068783811293542385, 0.010700028389692307, -0.035439569503068924, 0.004985013045370579, -0.011542636901140213, -0.03367260843515396, 0.024170640856027603, -0.023112010210752487, 0.010781853459775448, 0.004773522261530161, -0.0023024016991257668, -0.00783463940024376, 0.032768845558166504, 0.005512807983905077, 0.006894114427268505, 0.016290681436657906, -0.06480808556079865, -0.05174747481942177, 0.016883118078112602, -0.001375988475047052, 0.012428420595824718, -0.0252553578466177, 0.028624748811125755, -0.021058054640889168, -0.0007278359844349325, 0.02393561787903309, -0.006730346474796534, 0.046230923384428024, -0.018568677827715874, 0.01464814879000187, 0.006576124578714371, 0.03689606115221977, 0.011158020235598087, -0.014750102534890175, 0.06395675241947174, 0.028039051219820976, 0.012480668723583221, -0.0439855195581913, 0.002642713487148285, -0.01448261272162199, -0.049876585602760315, -0.061826109886169434, 0.027017764747142792, 0.04134000837802887, -0.05820874497294426, -0.0038646026514470577, -0.03695205599069595, 0.12593379616737366, -0.02883494272828102, -0.03764066845178604, -0.04289501532912254, -0.04574019834399223, 0.0471511147916317, 0.05776308476924896, 0.0739179477095604, -0.03456311300396919, -0.019691936671733856, -0.03514986112713814, -0.021951431408524513, -0.057307809591293335, 0.07807326316833496, -0.031049640849232674, -0.012737352401018143, -0.02470819093286991, 0.022622540593147278, -0.02474789135158062, 0.023826273158192635, 0.01297761034220457, -0.009926731698215008, 0.015834052115678787, 0.02051694318652153, -0.034436337649822235, -0.05621961131691933, 0.011128732934594154, -0.10632899403572083, -0.005415816325694323, -0.02925037033855915, -0.03604736924171448, -0.000491684244479984, 0.016082992777228355, 0.030751587823033333, -0.0145201925188303, 0.05525331199169159, -0.02515258453786373, 0.04892190173268318, -0.04426467791199684, -0.007255130913108587, 0.016825033351778984, -0.04389097914099693, 0.021386949345469475, -0.04216355085372925, -0.024813208729028702, 0.02981356903910637, 0.06094943732023239, -0.010147253051400185, -0.005186480935662985, 0.0022862686309963465, 0.07313786447048187, 0.02057494781911373, -0.0355859138071537, 0.010147552005946636, 0.020462296903133392, 0.02466648630797863, 0.06242094561457634, 0.07500942051410675, -0.00939941592514515, -0.035598479211330414, 0.016825202852487564, -0.007133894599974155, 0.03327102214097977, -0.0008959643892012537, 0.07493307441473007, -0.011023922823369503, 0.09751299768686295, 0.0030627308879047632, 0.008555428124964237, -0.009333855472505093, -0.022622406482696533, 0.029666509479284286, 0.015125672332942486, 0.03352615609765053, -0.0019786469638347626, -0.009070049971342087, 0.03598744422197342, -0.017257841303944588, -0.008047030307352543, 0.0352926179766655, -0.056620143353939056, 0.012404345907270908, 0.043830353766679764, 0.018559826537966728, 0.03519388660788536, 0.031863022595644, -0.006146190222352743, 0.02337849698960781, 0.029263846576213837, 0.012172741815447807, 0.01117599569261074, 0.03321969136595726, -0.020652897655963898, -0.016894742846488953, 0.03421660512685776, -0.023727789521217346, 0.0028199879452586174, 0.03564945235848427, -0.00514027988538146, 0.053569115698337555, -0.04346097633242607, -0.04312524199485779, -0.03232305869460106, -0.010300823487341404, 0.02023579739034176, 0.008027970790863037, 0.012130949646234512, 0.009077638387680054, -0.06753052771091461, -0.006135374307632446, 0.011257654055953026, -0.0008286802330985665, 0.061691440641880035, 0.0017127767205238342, 0.07647807151079178, -0.05027084797620773, -0.030117757618427277, -0.024134235456585884, -0.03884129226207733, -0.003150358097627759, -0.01390028465539217, -0.022274557501077652, -0.02231941930949688, 0.06649058312177658, -0.010783993639051914, 0.02040042169392109, 0.03134825825691223, -0.036576613783836365, 0.0023936708457767963, 0.035541679710149765, 0.035850606858730316, -0.010270270518958569, 0.03298380970954895, -0.04594143107533455, 0.0711180567741394, -0.016628257930278778, 0.0038978855591267347, 0.07063379883766174, -0.053044844418764114, 0.03014746867120266, -0.039197929203510284, -0.02344084158539772, 0.03762828931212425, 0.050137441605329514, -0.03106621466577053, 0.06171497702598572, -0.01069760974496603, -0.033636417239904404, -0.014988132752478123, -0.016782931983470917, -0.036318812519311905, 0.04240749031305313, 0.0066121965646743774, 0.04709272459149361, 0.02440395951271057, 0.047693826258182526, -0.011172927916049957, -0.01554381288588047, -0.04800241440534592, 0.050305694341659546, 0.05848786607384682, -0.03330500051379204, 0.047563329339027405, -0.003672983730211854, 0.0025914483703672886, 0.029477311298251152, -0.01030255388468504, 0.041901636868715286, -0.03005741909146309, 0.04386443644762039, 0.0182208139449358, 0.006517279427498579, -0.024223197251558304, -0.05046282336115837, -0.045352354645729065, -0.004566367249935865, 0.00955047644674778, 0.01734226383268833, -0.004781112540513277, -0.06899305433034897, 0.016063164919614792, -0.02476460486650467, -0.10055850446224213, 0.03452422469854355, -0.0425780713558197, -0.029802002012729645, -0.0033522455487400293, -0.04153900593519211, 0.04192191734910011, -0.0036657911259680986, -0.000447373662609607, -0.013107371516525745, 0.0031010261736810207, -0.0014593314845114946, 0.05413994565606117, -0.05681281536817551, 0.005860326811671257, -0.007623589131981134, 0.00011566293687792495, -0.0314805768430233, 0.03819815441966057, 0.022917039692401886, -0.045469775795936584, 0.006689524743705988, 0.003159852232784033, 0.06406431645154953, 0.01229378767311573, 0.009768509306013584, 0.04012422263622284, 0.010748909786343575, 0.01834944076836109, -0.036686088889837265, -0.0002003929257625714, -0.007225514855235815, -0.08056514710187912, -0.021770929917693138, -0.03232000768184662, -0.0585901141166687, -0.04901299998164177, 0.051260460168123245, 0.01791403256356716, -0.04070005565881729, -0.019027478992938995, 0.007401988375931978, -0.04656359553337097, 0.013085954822599888, 0.007695789914578199, -0.026262840256094933, -0.0473470501601696, -0.07083689421415329, 0.01174152921885252, -0.06487273424863815, -0.03730662167072296, 0.0023047069553285837, -0.012340729124844074, -0.04789737984538078, 0.013576692901551723, 0.01595141552388668, 0.010193071328103542, -0.0017507137963548303, 0.02381717413663864, -0.03585002198815346, 0.03632323443889618, 0.012364995665848255, -0.020953858271241188, -0.0031885276548564434, 0.014296945184469223, 0.015884529799222946, -0.005692077334970236, 0.05570594593882561, 0.010937908664345741, 0.017542319372296333, 0.006506321020424366, 0.0806385725736618, -0.03381623327732086, 0.03208276256918907, 0.038104478269815445, 0.0071872747503221035, -0.0008631078526377678, -0.023563701659440994, 0.022340670228004456, 0.028143063187599182, -0.015973027795553207, 0.03794272989034653, -0.022011442109942436, -0.017196347936987877, -0.017620494589209557, 0.014780719764530659, 0.005977903492748737, 0.0008223738404922187, -0.026467958465218544, -0.09265485405921936, -0.008562281727790833, -0.011397038586437702, -0.022528471425175667, 0.008313971571624279, 0.04563063755631447, 0.015934288501739502, -0.0034818111453205347, 0.09390447288751602, -0.044334910809993744, -0.0003291621105745435, 0.0014880975941196084, -0.03798511251807213, 0.03614464029669762, -0.04255574941635132, 0.0790405422449112, -0.07271268218755722, -0.03619468957185745, 0.031519610434770584, -0.06065892428159714, -0.0335327610373497, 0.017270928248763084, 0.012376739643514156, 0.019483499228954315, 0.0036355957854539156, -0.020990850403904915, 0.03397122770547867, 0.02416141703724861, -0.0829632431268692, 0.006323370151221752, -0.040303487330675125, 0.012064624577760696, -0.02632162719964981, -0.06857774406671524, -0.011103197932243347, 0.021190285682678223, 0.04267997667193413, -0.0036857540253549814, -0.010251035913825035, 0.029991112649440765, -0.010204404592514038, 0.0005936837405897677, -0.018766872584819794, 0.03380860015749931, 0.048958033323287964, -0.004024140536785126, 0.03383857384324074, -0.001079818233847618, -0.005835759919136763, 0.08136194199323654, -0.01914304681122303, -0.0032654996030032635, 0.00215996615588665, -0.06124746426939964, -0.011674313805997372, -0.0014787748223170638, -0.01636100560426712, -0.0028694842476397753, -0.04011636599898338, 0.02281654253602028, -0.03235301002860069, 0.0031677016522735357, 0.008710047230124474, -0.014769263565540314, -0.06078637018799782, -0.038797274231910706, 0.008943485096096992, -0.013197331689298153, 0.0171342846006155, 0.0170944482088089, -0.05804955214262009, -0.07300020754337311, -0.06049644947052002, 0.07936064898967743, -0.028759896755218506, 0.025390900671482086, 0.0011911281617358327, 0.00905434601008892, 0.012790453620254993, 0.0030621644109487534, 0.007176028098911047, -0.039793748408555984, -0.04840431734919548, 0.0019522490911185741, -0.015200276859104633, -0.01115637831389904, -0.015025739558041096, 0.031154047697782516, 0.010532045736908913, 0.027012739330530167, -0.038860712200403214, -0.023111708462238312, -0.028603365644812584, 0.012437640689313412, 0.03842742741107941, 0.04288836196064949, -0.013876299373805523, 0.012537010945379734, -0.03619089350104332, 0.05889337882399559, -0.047925230115652084, -0.026056958362460136, -0.006079431623220444, -0.04097624123096466, -0.06879553943872452, 0.0036411576438695192, -0.10350397974252701, -0.028123311698436737, -0.04972830042243004, -0.026653582230210304, -0.01855575665831566, 0.012535356916487217, -0.036234013736248016, -0.02694503217935562, 0.01823480613529682, 0.001329891849309206, -0.002664088038727641, 0.003006045473739505, -0.016183339059352875, 0.0022273948416113853, -0.0653252899646759, -0.010454105213284492, -0.013451981358230114, 0.07797406613826752, -0.01348116435110569, 0.07369106262922287, 0.04206203669309616, 0.005514726508408785, -0.006464745383709669, 0.029950376600027084, 0.0367753766477108, 0.0408770814538002, -0.0029994703363627195, -0.07670045644044876, 0.0050763520412147045, -0.017372654750943184, -0.04488113895058632, -0.024635249748826027, -0.061792198568582535, 0.03548085689544678, -0.013359572738409042, -0.038738396018743515, -0.06992185860872269, -0.05149715393781662, -0.019076162949204445, -0.03810247406363487, 0.025012167170643806, -0.036625850945711136, -0.0029227216728031635, -0.023638738319277763, 0.0015492576640099287, -0.0315549336373806, 0.016791634261608124, -0.02964852564036846, 0.00853638257831335, 0.04746934026479721, -0.03741556406021118, -0.012988077476620674, 0.0032090339809656143, -0.001415345584973693, -0.02501666359603405, 0.05684738978743553, -0.06856871396303177, 0.02052673138678074, 0.05999991297721863, 0.050534166395664215, 0.06121606007218361, -0.01767219416797161, 0.03711147978901863, 0.0009454374085180461, -0.021871615201234818, 0.033763736486434937, 0.046104151755571365, -0.018825344741344452, -0.0041516185738146305, 0.021696267649531364, 0.009847971610724926, 0.03740738704800606, -0.003941376227885485, -0.09874751418828964, -0.02394952066242695, -0.028111079707741737, -0.05707620456814766, -0.017484018579125404, 0.022695880383253098, -0.03226262331008911, -0.009016554802656174, -0.023322857916355133, 0.08899378031492233, -0.05904944986104965, 0.028625382110476494, 0.02925231121480465, -0.0016905812080949545, -0.007112991996109486, 0.025617443025112152, 0.06265512108802795, -0.012143183499574661, 0.031919389963150024, 0.0056243096478283405, -0.0016443728236481547, 0.0022216038778424263, -0.0064307027496397495, 0.04144918546080589, 0.033888254314661026, -0.11000275611877441, -0.012857751920819283, 0.0004785651108250022, 0.01737639307975769, -0.012160790152847767, 0.061715640127658844, -0.017557358369231224, 0.040012702345848083, 0.0021517749410122633, -0.04932078719139099, -0.03531818091869354, 0.05023486912250519, -0.011245373636484146, -0.010400209575891495, -0.0237384382635355, -0.008214788511395454, -0.016290806233882904, 0.06597643345594406, 0.06071322038769722, -0.028552841395139694, -0.08406876772642136, 0.06020914018154144, -0.06710509210824966, 0.014409390278160572, 0.011114210821688175, 0.06054791063070297, -0.019081322476267815, 0.08849123120307922, -0.021075202152132988, -0.05544368922710419, 0.013989148661494255, -0.038617607206106186, 0.038309548050165176, 0.04549696668982506, 0.03496668487787247, -0.041015297174453735, 0.03574845567345619, 0.03250855207443237, 0.05296189710497856, 0.013158689253032207, 0.02128283865749836, 0.02414972335100174, -0.007765726186335087, -0.0258686114102602, 0.04911905899643898, 0.012615337036550045, -0.020957648754119873, 0.03669339045882225, 0.018884675577282906, 0.009219422936439514, 0.011089290492236614, 0.01340714655816555, -0.04241514578461647, 0.012176997028291225, -0.03441574051976204, 0.055278025567531586, -0.03650430589914322, 0.03317387402057648, 0.006135706789791584, -0.01438910048455, 0.015753978863358498, -0.0028133587911725044, 0.0070780799724161625, -0.03859827294945717, 0.00588839128613472, 0.03581862151622772, -0.04139084368944168, -0.036283571273088455, -0.036404743790626526, 0.05108468607068062, -0.0228074062615633, 0.00867239385843277, -0.057212263345718384, 0.01676061935722828, 0.030693689361214638, -0.00931583158671856, -0.02346179261803627, -0.01614939235150814, 0.0056871529668569565, -0.011145766824483871, -0.013511886820197105, 0.086113840341568, 0.027428284287452698, 0.05585935339331627, 0.08608882129192352, -0.017778197303414345, 0.02140941470861435, -0.047996725887060165, -0.011982901021838188, 0.0030220062471926212, -0.005966431461274624, 0.013503499329090118, 0.038731157779693604, -0.11685164272785187, -0.006207413971424103, 0.007848707027733326, -0.029880700632929802, -0.0231607798486948, 0.04378235712647438, 0.00890087429434061, -0.13517695665359497, -0.059402815997600555, -0.045073773711919785, -0.07806291431188583, 0.055264730006456375, -0.010439349338412285, 0.010403357446193695, 0.016362778842449188, 0.007076378911733627, -0.026082612574100494, -0.05688881501555443, 0.03134200721979141, 0.002109584165737033, -0.02709777280688286, 0.047955140471458435, 0.017070624977350235, -0.02113960310816765, -0.0015466659097000957, 0.01311558112502098, -0.016404345631599426, -0.06255672127008438, -0.00581905385479331, 0.03748580440878868, -0.044503483921289444, 0.03253142535686493, 0.05777743086218834, 0.004545192699879408, 0.02553446590900421, 0.024080000817775726, -0.04099006950855255, 0.014268693514168262, -0.01922670565545559, 0.014718057587742805, 0.003419895190745592, -0.049700360745191574, 0.022782690823078156, -0.02196328341960907, 0.02096710354089737, 0.014779770746827126, -0.025296702980995178, 0.002122103003785014, -0.01118038035929203, 0.025703249499201775, -0.03138670697808266, -0.03994015231728554, -0.02337159402668476, 0.024558091536164284, 0.03728589415550232, 0.019513268023729324, -0.030771726742386818, -0.0019396466668695211, 0.016835467889904976, 0.0446777381002903, -0.03925049677491188, -0.00034369275090284646, -0.004807640332728624, 0.02409975789487362, -0.01863047480583191, -0.034005384892225266, 0.001370029291138053, 0.04002496600151062, 0.05214955285191536, 0.018170980736613274, 0.04784701019525528, -0.04127650335431099, -0.05398785322904587, 0.028339184820652008, 0.024270426481962204, -0.022874509915709496, 0.0010365030029788613, -0.023204255849123, -0.037630725651979446, 0.0797644853591919, -0.024097800254821777, -0.011368769221007824, 0.006740957032889128, -0.004823582712560892, -0.02516293153166771, 0.06245402246713638, -0.018168305978178978, 0.01118241436779499, -0.039583299309015274, 0.025897612795233727, 0.09700297564268112, -0.06460729241371155, 0.021301401779055595, -0.002357764169573784, -0.027292562648653984, 0.06595346331596375, -0.027268562465906143, 0.013625581748783588, -0.03914499282836914, -0.0707276463508606, -0.04406500980257988, -0.008092718198895454, -0.017557434737682343, 0.025870971381664276, 0.023301905021071434, -0.047837525606155396, 0.022596698254346848, -0.032894156873226166, -0.027169328182935715, -0.04527731239795685, -0.0031875998247414827, 0.03658675029873848, 0.027426784858107567, 0.04693301022052765, 0.06367208808660507, -0.023485489189624786, 0.0026198350824415684, 0.06474705785512924, -0.011560231447219849, -0.008443438448011875, -0.045482199639081955, -0.016135072335600853, 0.02301054075360298, -0.005619262345135212, 0.02768639475107193, 0.024828976020216942, 0.0015694283647462726, 0.03611096739768982]",0.6690260767936707
4,3,2,FIABCI delegates visit Punggol Digital District,0,60.0,content/clips/FIABCI delegates visit Punggol Digital District_clip_0.mp4,content/frames/frame_0.png,"Here is a listing of all the text visible in the provided video, in chronological order:

punggol
digital
district

SINGAPORE'S MOST HIGHLY
ANTICIPATED SMART DISTRICT

JAKE CAINE | FIABCI Australia

jtc

the delivery of a smart and sustainable building community

and a new university is incredible to witness.

Heart of PDD
Nexus, Events, MRT

• Retail and dining options
serving the workers,
students, residents and
visitors

• Plaza designed for place-
making activities

The PDD is a wonderful example of how you

ANTONIO CAMPAGNOLI | FIABCI Italy

What I really love about this project is your desire to make

punggol
digital
district

a community, to make interaction among the companies, to find talent.

DAVID STEINER | FIABCI Austria

* Air Quality
Monitoring

* Energy
Monitoring

Indoor Air Quality Monitor

Smart Meters

Air Condition
System Con

Pump/Ventilation
Chiller/
Air Conditioning

with the winds which are going through the (north-south orientation of the) buildings,

that you're building it like this, to use less of the energy.

ALISSA BANKOVSKA | FIABCI Italy

SINGAPORE'S MOST HIGHLY
ANTICIPATED SMART DISTRICT

Small issues
never become
big, thanks
to big data

Powered by a network of smart sensors, the
Digital Platform (SDP) by JTC, GovTech and the
Engineering, Building and Construction Authority
monitors and manages the district's electrical, cooling and
waste systems.

Estate operators can optimize resources through
real-time data to run their buildings better. With
insights from data analytics, they can better
recognize issues, create better lighting and air
conditioning schemes and optimize traffic flow. With data
analytics, they can discover what went wrong
before it happens.

Digitally planned
from the
ground up

First of all, because of the data, because of the understanding","Here's a transcription of the audio from the provided video:

Well, coming from Australia, where we're in the midst of perhaps the most acute housing supply and affordability crisis that we've ever been through, to see what is happening here, the delivery of a smart and sustainable building community and a new university is incredible to witness.

The PDD is a wonderful example of how you enhance the connection between communities.

What I really love about this project is your desire to make a community, to make interaction among the companies, to find talent.

I like very much about the project is that you're working with the air conditions with the winds which are going through the (north-south orientation of the) buildings, that you're building it like this, to use less of the energy.

I'm very impressed about all this smart district. First of all, because of the data, because of the understanding of how to use the data to organise the living.","Here is a description of the people in the provided video.

The video shows several people. The first person shown is Jake Caine from FIABCI Australia. He is a light-skinned man with short brown hair. He is wearing a black polo shirt and a black baseball cap. He appears to be in his 30s or 40s. He looks serious and focused as he speaks to the camera. His hands are moving as he speaks, indicating he is passionate about what he is saying.

Next, there is a group of people looking at a model of a city. There are about ten people in the group. They are a mix of men and women, and they appear to be of various ages and ethnicities. Most of them are wearing casual clothing. They appear to be interested in the model and are looking at it intently. One woman in the group is wearing a mask.

Antonio Campagnoli from FIABCI Italy is then shown. He is a middle-aged, light-skinned man with short brown hair and a goatee. He is wearing a light blue and white striped button-down shirt. He looks serious and focused as he speaks to the camera.

A group of people wearing bright yellow safety vests and white hard hats are shown standing together. They appear to be on a construction site. There are about ten people in the group. They are a mix of men and women, and they appear to be of various ages and ethnicities. They look attentive as they listen to someone speaking.

A woman is shown standing in front of a model of a city. She is wearing a black polo shirt. She is speaking and gesturing with her hands. She appears to be explaining something about the model. A man is standing behind her, with his arms crossed. He appears to be listening to her.

Antonio Campagnoli is shown again, speaking to the camera.

David Steiner from FIABCI Austria is shown. He is a light-skinned man with short brown hair. He is wearing a light pink button-down shirt. He looks happy and friendly as he speaks to the camera.

Another group of people are shown looking at a model of a city. There are about six people in the group. They are a mix of men and women, and they appear to be of various ages and ethnicities. They appear to be interested in the model and are looking at it intently. One woman in the group is wearing a mask.

A close-up of some air conditioning system components is shown.

Another view of the model of the city is shown.

David Steiner is shown again, speaking to the camera.

Alissa Bankovska from FIABCI Italy is shown. She is a light-skinned woman with shoulder-length blonde hair. She is wearing a light pink blazer. She looks happy and friendly as she speaks to the camera.

Alissa Bankovska is shown again, speaking to the camera.","Here is a description of the video in chronological order:

The video opens with a graphic that reads “Punggol Digital District, Singapore’s Most Highly Anticipated Smart District.”

A man, identified as Jake Caine of FIABCI Australia, speaks to the camera. He says that coming from Australia, where they are experiencing a severe housing crisis, he is impressed by the smart and sustainable building community and new university being developed in Singapore’s Punggol Digital District.

The video then shows a group of people looking at a large architectural model of the Punggol Digital District. 

Next, there is a shot of a modern building with a skywalk.

Mr. Caine speaks again, reiterating his amazement at the new university.

A presentation slide shows an image of the “Heart of PDD,” which includes a large open space with retail and dining options.

A woman in a lime green safety vest leads a group of people wearing hard hats and safety vests on a tour of a building under construction.

Antonio Campagnoli of FIABCI Italy is shown speaking to the camera. He says that the Punggol Digital District is a wonderful example of how to enhance the connection between communities.

A woman in a dark polo shirt gives a presentation to a group of people in front of an architectural model.

Mr. Campagnoli speaks again, saying that he loves the project’s focus on creating a community, fostering interaction among companies, and finding talent.

David Steiner of FIABCI Austria is shown speaking to the camera. He says that he likes how the project incorporates air conditioning with the natural winds, using a north-south building orientation to reduce energy consumption.

The video shows close-up shots of smart meters and air quality monitoring equipment.

More shots of the architectural model are shown.

Mr. Steiner speaks again, emphasizing the energy efficiency of the building design.

Alissa Bankovska of FIABCI Italy is shown speaking to the camera. She says that she is very impressed with the smart district, especially the use of data to organize living.

The video ends with a shot of informational graphics about the Punggol Digital District.","[0.013792615383863449, 0.014185289852321148, -0.028170069679617882, 0.028835337609052658, 0.06685883551836014, 0.01837490126490593, 0.02421889267861843, -0.007578608114272356, 0.021161550655961037, 0.0065914359875023365, 0.009875823743641376, 0.009156368672847748, -0.035406336188316345, -0.010564598254859447, 0.02125806361436844, -0.04171048104763031, -0.020820235833525658, -0.0018314790213480592, -0.01110341027379036, -0.04957063868641853, 0.005413503386080265, -0.0038742476608604193, -0.018086077645421028, -0.04009939357638359, -0.0057396842166781425, -0.02511504665017128, 0.02766529656946659, -0.017207099124789238, -0.0027818407397717237, -0.0035344643983989954, -0.044513992965221405, 0.028637783601880074, -0.020852340385317802, -0.0032496675848960876, 0.0017674596747383475, -0.03979713097214699, -0.004831427708268166, 0.042547792196273804, 0.0039911731146276, 0.04809259623289108, 0.0029945930000394583, -0.05841835215687752, -0.056021470576524734, 0.023840414360165596, 0.0033777127973735332, 0.0047982726246118546, -0.00793918501585722, 0.021073317155241966, 0.0025021422188729048, -0.02030281350016594, 0.031786613166332245, 0.01260097324848175, 0.02101600542664528, 0.008352152071893215, 0.029899105429649353, 0.008317340165376663, 0.02562052197754383, 0.014559892937541008, 0.001053716172464192, 0.033449120819568634, 0.03515635430812836, 0.020852407440543175, -0.03121231310069561, 0.051601529121398926, 0.010894608683884144, -0.0835367739200592, -0.05670696496963501, 0.022269390523433685, 0.04665622115135193, -0.06497647613286972, -0.00370969669893384, -0.03380247578024864, 0.10940394550561905, -0.01667865552008152, -0.039845146238803864, -0.061780236661434174, -0.017571082338690758, 0.04156409576535225, 0.047644875943660736, 0.030507398769259453, -0.06045682355761528, -0.03475920483469963, -0.06882306933403015, -0.03993866220116615, -0.057334307581186295, 0.062121015042066574, -0.0492754764854908, -0.008704980835318565, -0.019659001380205154, 0.01592162810266018, -0.0010107269044965506, 0.03890104964375496, 0.040585171431303024, -0.05524131655693054, 0.002352680778130889, 0.0536503866314888, -0.010920653119683266, -0.05569656565785408, 0.009967350400984287, -0.07404793798923492, -0.02296626567840576, -0.04592331871390343, -0.03396434336900711, -0.009911742061376572, 0.012885864824056625, 0.027424117550253868, -0.014379690401256084, 0.08271786570549011, -0.03996163234114647, 0.059887953102588654, -0.0664827898144722, -0.0034096641466021538, 0.014973386190831661, -0.04389893636107445, 0.027794061228632927, -0.007772891316562891, -0.03409803286194801, 0.05388429015874863, 0.053880106657743454, 0.003765169996768236, 0.017319897189736366, 0.01960669457912445, 0.06026541069149971, -0.010104854591190815, -0.004932484123855829, 0.019638268277049065, 0.02052927576005459, 0.01816543936729431, 0.05144141986966133, 0.048381779342889786, 0.009411093778908253, -0.033084169030189514, 0.022131046280264854, -0.0028543774969875813, 0.051571622490882874, 0.030563432723283768, 0.06052938103675842, -0.020184610038995743, 0.09068417549133301, -0.007248209323734045, 0.022136161103844643, -0.013061138801276684, 0.005254752468317747, 0.051016781479120255, 0.0005236303550191224, 0.019062915816903114, -0.018165908753871918, -0.017854850739240646, 0.0327751599252224, -0.020175034180283546, -0.002876264275982976, -0.022029446437954903, -0.03478233516216278, -0.010793210938572884, 0.026079874485731125, -0.0016095041064545512, 0.036323484033346176, 0.024022972211241722, 0.017828427255153656, -0.006159293465316296, 0.04161195829510689, 0.042213134467601776, -0.0050976756028831005, 0.04218851029872894, -0.012138900347054005, 0.018717126920819283, 0.016874410212039948, -0.027508394792675972, 0.02111317217350006, 0.013157757930457592, -0.040063854306936264, 0.04615844786167145, -0.019297851249575615, -0.06327728182077408, -0.027067849412560463, -0.01880974881350994, 0.028831446543335915, 0.0016498648328706622, 0.008294901810586452, 0.015763185918331146, -0.06900778412818909, -0.012201592326164246, -0.006405493710190058, 0.00027626429800875485, 0.05448043718934059, 0.003692539408802986, 0.033850304782390594, -0.04350263997912407, -0.01590975746512413, 0.014108631759881973, -0.04282918944954872, -0.0010766313644126058, -0.021088777109980583, -0.04133479669690132, -0.03084186650812626, 0.02485244907438755, 0.029098737984895706, 0.040003322064876556, 0.016940094530582428, -0.03222697600722313, -0.009265401400625706, 0.07322507351636887, 0.03728862479329109, -0.004216156434267759, 0.03222322091460228, -0.030821649357676506, 0.05229651555418968, -0.005476376041769981, 0.03564462065696716, 0.06037170812487602, -0.04761282727122307, 0.02816099300980568, 0.0050201015546917915, 0.008194622583687305, 0.01943422108888626, 0.04664478823542595, -0.035125039517879486, 0.03686358034610748, 0.01269394252449274, -0.004589567426592112, -0.006847843062132597, -0.053217336535453796, -0.01436470728367567, 0.021894030272960663, -0.005963804665952921, 0.029654700309038162, 0.017679724842309952, 0.03143210709095001, -0.014938317239284515, -0.0456845797598362, -0.04826265200972557, 0.062166258692741394, 0.07859043776988983, -0.03440144285559654, 0.041249100118875504, 0.004692405462265015, 0.008724263869225979, 0.008535999804735184, -0.007351108826696873, 0.010924149304628372, -0.0520562045276165, 0.018767978996038437, 0.03251224383711815, 0.021611003205180168, -0.046716414391994476, -0.03835539519786835, -0.05152198299765587, 0.013867932371795177, 0.008473596535623074, 0.02577226236462593, -0.009260645136237144, -0.0493340902030468, 0.028716428205370903, -0.0270419642329216, -0.10854160040616989, -0.0002448397863190621, -0.050707463175058365, -0.06341580301523209, -0.014760655350983143, -0.026124851778149605, 0.06454448401927948, 0.0074122194200754166, -0.007459249813109636, -0.015736090019345284, 0.0017240522429347038, -0.020343277603387833, 0.0008692794945091009, -0.04486105591058731, -0.004907228052616119, -0.00463839853182435, -0.01617220789194107, -0.04162858799099922, 0.07525251060724258, -0.007581986486911774, -0.011083909310400486, 0.0496649444103241, -0.003127970965579152, 0.04189383611083031, 0.01379688922315836, -0.007886845618486404, 0.03425165265798569, 0.01269193273037672, 0.008593740873038769, -0.015233157202601433, -0.010500169359147549, -0.004544115159660578, -0.05058163031935692, 0.003940732683986425, -0.045455239713191986, -0.059502143412828445, -0.06830736249685287, 0.010900754481554031, -0.0020411377772688866, -0.018886495381593704, -0.020205829292535782, 0.00948262494057417, 0.013612051494419575, 0.0042805359698832035, 0.055209338665008545, -0.012609495781362057, -0.042761288583278656, -0.06665578484535217, -0.008141646161675453, -0.07720347493886948, -0.02873920649290085, 0.004496962763369083, -0.027177702635526657, -0.04397333413362503, 0.031978875398635864, 0.034651197493076324, 0.043110087513923645, -0.03378823399543762, 0.016363516449928284, -0.008713781833648682, 0.08853071928024292, -2.671738366188947e-05, -0.009209802374243736, 0.016869453713297844, -0.022365065291523933, 0.04022486135363579, -0.024622056633234024, 0.048640456050634384, 0.04499103128910065, -0.016814369708299637, 0.0002688074891921133, 0.06974077224731445, -0.04561567306518555, 0.05355425551533699, 0.03426095098257065, -0.004751416854560375, 0.001445110305212438, -0.02369559183716774, 0.017854828387498856, 0.0433269627392292, -0.007974734529852867, 0.02383606880903244, -0.03804001584649086, -0.013482586480677128, 0.02301969565451145, 0.011523102410137653, -0.02239653468132019, -0.018787382170557976, -0.032609209418296814, -0.08522725105285645, 0.02092817798256874, 0.002646280452609062, -0.046516139060258865, 0.0046370062045753, 0.06280416995286942, 0.024062706157565117, -0.008725232444703579, 0.08077812939882278, -0.051224466413259506, -0.00043099309550598264, -0.0353669673204422, -0.009543206542730331, 0.07126490026712418, -0.02877539023756981, 0.05920327827334404, -0.04628567025065422, -0.0416446328163147, 0.011436507105827332, -0.02829865552484989, -0.05780326947569847, 0.024014398455619812, -0.016612665727734566, 0.025038547813892365, 0.010024982504546642, -0.02325739525258541, 0.03613601624965668, 0.004831182304769754, -0.02707783319056034, 0.024467486888170242, -0.02338992990553379, -0.045078344643116, -0.01055477000772953, -0.028348280116915703, -0.042759690433740616, -0.0024303889367729425, 0.007230677641928196, -0.03999003767967224, 0.017653051763772964, 0.042860981076955795, 0.008336803875863552, -0.002941704588010907, -0.0007252114592120051, 0.04238785430788994, 0.05644530430436134, -0.03396975249052048, 0.02240445464849472, -0.038461834192276, -0.00903094932436943, 0.08181383460760117, 0.010036252439022064, -0.0014411669690161943, -0.01060703955590725, -0.05620437115430832, -0.01949804276227951, 0.011812703683972359, -0.04142741486430168, 0.024153614416718483, -0.06423494964838028, -0.014555640518665314, -0.027458397671580315, -0.005335783585906029, 0.004329271614551544, 0.022726867347955704, -0.05405644699931145, -0.016681013628840446, -0.004360300023108721, 0.007747243624180555, 0.04701786860823631, 0.0251338928937912, -0.030013438314199448, -0.04856620728969574, -0.06666441261768341, 0.03864656761288643, -0.06561087816953659, 0.029966585338115692, 0.006771905347704887, 0.022264594212174416, -0.0005934936343692243, -0.009820209816098213, 0.03767814859747887, -0.04519728571176529, -0.04835739731788635, -0.03157897666096687, -0.022083885967731476, 0.03241933509707451, -0.02486545778810978, 0.012717781588435173, -0.002691996283829212, 0.01944941096007824, -0.03602352738380432, -0.0129283107817173, -0.04801690950989723, 0.006990503519773483, 0.0036596946883946657, -0.018761778250336647, -0.03205503895878792, 0.03536970540881157, 4.855496808886528e-05, 0.031029341742396355, -0.05950133502483368, -0.040459539741277695, -0.006005201023072004, -0.045363649725914, -0.05413522571325302, -0.017209162935614586, -0.08351126313209534, 0.012055580504238605, -0.052120912820100784, -0.03110356815159321, -0.040243636816740036, -0.0027899695560336113, -0.03473746031522751, -0.037347350269556046, 0.03229944035410881, -0.0007715487736277282, 0.006326719652861357, -0.013483293354511261, -0.03302814066410065, 0.021229689940810204, -0.07802768051624298, -0.013970902189612389, -0.01398951280862093, 0.043755706399679184, -0.04358900338411331, 0.0554884672164917, 0.05197494104504585, -0.005830345209687948, -0.009601089172065258, 0.018646709620952606, 0.016192935407161713, 0.035300709307193756, -0.014254982583224773, -0.07708559930324554, -0.02484844997525215, -0.009101306088268757, -0.028884530067443848, -0.010865211486816406, -0.05370350182056427, 0.021070141345262527, -0.011467338539659977, -0.04265394061803818, -0.05021316185593605, -0.05158223956823349, 0.008230279199779034, -0.016768645495176315, 0.041071727871894836, -0.05447130650281906, -0.00331394886597991, 0.0026964284479618073, -0.0030804886482656, -0.028977422043681145, 0.010528684593737125, -0.017751188948750496, -0.003214323427528143, 0.06285721808671951, -0.0024354748893529177, -0.009004872292280197, 0.0055573564022779465, -0.039857055991888046, -0.03777046874165535, 0.07701044529676437, -0.07411239296197891, 0.02092946134507656, 0.06013979762792587, 0.019406672567129135, 0.030018653720617294, -0.005332561209797859, 0.03495437651872635, 0.010950115509331226, -0.06346365809440613, 0.042204443365335464, 0.02728835865855217, 0.011007249355316162, 0.0009100122842937708, -0.00661107525229454, 0.007820765487849712, 0.010990599170327187, 0.010221606120467186, -0.11290549486875534, -0.023890940472483635, 0.0013525726972147822, -0.049524638801813126, -0.019815443083643913, 0.03398658335208893, -0.04927760362625122, -0.014218672178685665, -0.011339415796101093, 0.09857486933469772, -0.08528779447078705, 0.02825332060456276, 0.03691110759973526, -0.045173484832048416, 0.02122005820274353, 0.0215563103556633, 0.02564128115773201, -0.019429229199886322, 0.039299968630075455, 0.01574237458407879, -0.0017671295208856463, 0.005670100450515747, 0.011633243411779404, 0.022173460572957993, 0.04329400509595871, -0.06967487186193466, 0.01517273485660553, -0.008873147889971733, 0.016027258709073067, -0.017025435343384743, 0.03974359109997749, -0.04481356218457222, 0.022653786465525627, 0.02582668513059616, -0.05866560712456703, -0.028498858213424683, 0.02849418669939041, -0.012534010224044323, -0.05003400146961212, -0.006778943818062544, -0.028454598039388657, -0.041891951113939285, 0.051913581788539886, 0.03635380044579506, -0.0597398579120636, -0.08762002736330032, 0.05287656560540199, -0.05562668666243553, -0.029140708968043327, 0.024111630395054817, 0.02703932486474514, -0.026845719665288925, 0.08532503247261047, -0.014859281480312347, -0.04385907202959061, 0.0003386960015632212, -0.028161823749542236, 0.043134354054927826, 0.04374517872929573, 0.015656517818570137, -0.05432939529418945, 0.04499751329421997, 0.02752024121582508, 0.045126814395189285, 0.016038469970226288, 0.005105344578623772, 0.028984712436795235, 0.0028767171315848827, -0.00017016542551573366, 0.0367860347032547, -0.010761710815131664, -0.016119342297315598, 0.02934105694293976, 0.03362150117754936, 0.023961873725056648, 0.012543339282274246, 0.025886762887239456, -0.010279743000864983, 0.008447990752756596, -0.05110500007867813, 0.06542052328586578, -0.02053544856607914, 0.040189411491155624, -0.00649820314720273, 0.00498452503234148, 0.028996333479881287, -0.016106849536299706, 0.01766437664628029, -0.014132870361208916, -0.015311449766159058, 0.01300157979130745, -0.03633837774395943, 0.0045844791457057, -0.05767127871513367, 0.04680563136935234, -0.03070054017007351, -0.014671437442302704, -0.019381200894713402, 0.009047136642038822, 0.03200841322541237, -0.04353269189596176, -0.027265353128314018, -0.01398313045501709, -0.011813710443675518, 0.010307228192687035, -0.03567485511302948, 0.09410911798477173, 0.03921187296509743, 0.05243406444787979, 0.10897044837474823, -0.0009098732261918485, 0.003240179968997836, -0.061193209141492844, 0.014384306967258453, -0.028692251071333885, 0.01795913837850094, 0.006523381918668747, 0.04680144786834717, -0.12201173603534698, 0.011598634533584118, 0.020294073969125748, 0.03547615557909012, -0.008741013705730438, 0.05326341837644577, 0.016533805057406425, -0.10426154732704163, -0.06535427272319794, -0.024223700165748596, -0.05629211664199829, 0.040238574147224426, -0.019336823374032974, -0.03563228249549866, 0.029216062277555466, -0.0005357882473617792, -0.02826486900448799, -0.07990964502096176, 0.03963702544569969, -0.024087393656373024, -0.03864683210849762, 0.008076325990259647, 0.0161716490983963, -0.011108248494565487, 0.009107102639973164, 0.016598490998148918, -0.032052356749773026, -0.062417563050985336, -0.03494000434875488, 0.0015818106476217508, -0.033109333366155624, 0.0450335294008255, 0.07137849181890488, -0.02166745811700821, 0.03141399472951889, 0.018751218914985657, -0.021236425265669823, -0.016139362007379532, -0.021712422370910645, 0.017002027481794357, -0.013826020993292332, -0.01893663965165615, 0.013409579172730446, -0.017234662547707558, -0.023681538179516792, 0.009739290922880173, -0.024499833583831787, 0.03155165910720825, -0.016821222379803658, 0.02502371184527874, 0.001711664954200387, -0.03838794678449631, -0.047889161854982376, 0.0053921472281217575, 0.051592979580163956, 0.006929622031748295, -0.02551339752972126, -0.009314036928117275, 0.009442707523703575, 0.05342135578393936, -0.02346000447869301, -0.014517954550683498, -0.013823289424180984, 0.012959997169673443, 6.119176396168768e-05, -0.044419143348932266, -0.02052876725792885, 0.015529227443039417, 0.02854309417307377, 0.016425255686044693, 0.04220990464091301, -0.07904400676488876, -0.060970231890678406, 0.01967771351337433, 0.0003344799333717674, -0.011150139383971691, 5.9630448959069327e-05, -0.011386184953153133, -0.06281932443380356, 0.045777469873428345, -0.012814927846193314, 0.015755372121930122, -0.026872746646404266, -0.008741275407373905, -0.0004973516333848238, 0.0643065869808197, -0.010800757445394993, 0.024519002065062523, -0.05469837412238121, -0.029737187549471855, 0.07913683354854584, -0.05464382469654083, 0.016155892983078957, 0.0063260081224143505, -0.016465777531266212, 0.054522354155778885, -0.02091909572482109, 0.013621567748486996, -0.04044259712100029, -0.09023907780647278, -0.0211334228515625, 0.003824076149612665, 0.013071735389530659, 0.057889632880687714, 0.04844490811228752, -0.061870820820331573, 0.022218147292733192, -0.0022247249726206064, -0.010425101965665817, -0.036302849650382996, -0.038560763001441956, 0.04399653151631355, 0.026978623121976852, 0.08692023158073425, 0.06252209097146988, -0.04451148584485054, 0.005052560940384865, 0.049199365079402924, -0.007888022810220718, 0.018714148551225662, -0.0632469654083252, -0.026978882029652596, 0.003241359954699874, -0.008315891958773136, 0.06355034559965134, 0.015967097133398056, -0.010833801701664925, 0.004993824288249016]",0.6658477783203125
12,11,4,10 Sustainable Design and Infrastructure Features at Punggol Digital District,120,157.18,content/clips/10 Sustainable Design and Infrastructure Features at Punggol Digital District_clip_2.mp4,content/frames/frame_2.png,"Here is a listing of all the text visible in the video provided:

PNEUMATIC WASTE
CONVEYANCE SYSTEM
equipped with sensors monitors waste collection and transfers them underground, creating a better working environment for all.

RAINWATER HARVESTING
REDUCTION IN RELIANCE ON POTABLE WATER
rainwater filtered through rain gardens and eco-ponds, are collected to irrigate green spaces.

Through sustainable design, energy optimisation using smart technology, and clean energy use, a net zero future is yours to create, here at Punggol Digital District.

BUILDING INDUSTRIES (SG)

jtc","Certainly! Here is a transcription of the audio from the provided video:

equipped with sensors monitors waste collection and transfers them underground, creating a better working environment for all. For water efficiency, rainwater filtered through rain gardens and eco-ponds, are collected to irrigate green spaces. Through sustainable design, energy optimisation using smart technology and clean energy use, a net zero future is yours to create, here at Punggol Digital District.","Here is a description of the people and animals that appear in the provided video.

From [00:00:02]–[00:00:06], a person is shown from the knees down walking away from the camera. They appear to be wearing gray sweatpants and white sneakers. They are carrying three reusable shopping bags; one green, one yellow, and one blue. The person seems to be walking at a normal pace and shows no particular emotion.

From [00:00:18]–[00:00:30], there are multiple people shown walking in a park-like setting at night. They are blurry and hard to make out, but they appear to be casually walking and talking with each other.","Here is a description of the video in chronological order:

The video opens with an animation of a wireframe building. A blue line extends from the building to a blue box, which is labeled “Pneumatic Waste Conveyance System.” The narrator explains that the system monitors waste collection and transfers it underground, creating a better working environment.

Next, the video shows a person walking down a cobblestone street carrying three reusable shopping bags.

The animation of the wireframe building reappears. This time, a blue line extends from the building to a blue pool of water. The text “Rainwater Harvesting” and “Reduction in Reliance on Potable Water” appear on the screen. The narrator explains that rainwater is filtered through rain gardens and eco-ponds and collected to irrigate green spaces.

The video then shows footage of a pond with aquatic plants, a close-up of a drip irrigation system watering a plant, and an animation of a modern building with green spaces and people walking around.

The narrator explains that through sustainable design, energy optimization using smart technology, and clean energy use, a net-zero future is possible.

The video concludes with an aerial shot of Punggol Digital District at night, followed by the logos for Building Industries and JTC.","[-0.002668655477464199, -0.0018522889586165547, -0.05192922055721283, -0.008558046072721481, 0.07630086690187454, -0.006227938458323479, 0.04772687703371048, 0.006636400707066059, 0.009610582143068314, 0.038279689848423004, 0.022193383425474167, 0.0035428793635219336, -0.036367159336805344, 0.0343732051551342, 0.005122066009789705, -0.06500456482172012, 0.0016486197710037231, 0.0357932448387146, 0.017872357740998268, -0.028721116483211517, 0.0020845006220042706, 0.03618614003062248, 0.008066394366323948, -0.0466935820877552, 0.006737834308296442, -0.01526341401040554, 0.004382614977657795, -0.023616477847099304, -0.017828721553087234, 0.034661609679460526, -0.042311891913414, 0.019447771832346916, -0.046128299087285995, -0.021299012005329132, -0.033368196338415146, 0.005090584512799978, 0.011398239992558956, 0.010996897704899311, 0.003176688915118575, 0.001379230641759932, 0.006866965908557177, -0.057791296392679214, -0.00542778056114912, 0.01562329102307558, -0.011165483854711056, 0.005246912129223347, -0.033689435571432114, 0.02122168056666851, -0.025525812059640884, -0.012246125377714634, 0.015988517552614212, 0.032487157732248306, 0.02225203439593315, 0.008614763617515564, 0.01996002532541752, -0.008388697169721127, 0.0141134113073349, 0.014828873798251152, -0.008888710290193558, 0.0471375398337841, 0.006089417263865471, 0.007024715188890696, -0.029803110286593437, 0.022668736055493355, -0.009632826782763004, -0.04061572253704071, -0.049331460148096085, -0.004391899332404137, 0.0180495735257864, -0.056430526077747345, -0.022216247394680977, -0.06684290617704391, 0.09064478427171707, -0.022829074412584305, -0.05972296744585037, -0.06656024605035782, -0.024804066866636276, 0.028691358864307404, 0.054873839020729065, 0.04706505313515663, -0.040008675307035446, -0.008156325668096542, -0.014208146370947361, -0.032602112740278244, -0.034335795789957047, 0.05930554121732712, -0.033358462154865265, -0.06520673632621765, -0.029069779440760612, 0.0037015608977526426, -0.011138379573822021, 0.039622221142053604, 0.04210035130381584, -0.07548727095127106, 0.03930829465389252, 0.015884364023804665, -0.022295568138360977, -0.06314367800951004, -0.014166112057864666, -0.04185596853494644, -0.027692826464772224, -0.01786724291741848, -0.03042888455092907, -0.013099762611091137, 0.012223655357956886, 0.04501422494649887, -0.003340045688673854, 0.05067797005176544, -0.012015263549983501, 0.051354341208934784, -0.053497809916734695, -0.02900109253823757, -0.018412893638014793, -0.03785539045929909, 0.0040934039279818535, -0.003159085288643837, -0.02645491436123848, 0.020311417058110237, 0.06380749493837357, 0.004262011498212814, 0.013553658500313759, 0.007902583107352257, 0.04411597549915314, 0.019840119406580925, -0.011978262104094028, 0.01627425104379654, 0.0048596239648759365, 0.03485436365008354, 0.06794523447751999, 0.06826303154230118, -0.0037579121999442577, -0.053663358092308044, 0.02171739563345909, 0.005584551487118006, 0.04740274325013161, 0.07595419883728027, 0.04606568440794945, 0.00618379469960928, 0.08636481314897537, -0.010640096850693226, 0.020027218386530876, 0.006649686023592949, -0.03648272156715393, 0.05108537897467613, 0.009749136865139008, 0.033536795526742935, -0.029030201956629753, 0.014438853599131107, 0.05433760955929756, -0.03348769620060921, -0.008068283088505268, -0.02151552215218544, -0.057861413806676865, 0.0001342679897788912, 0.05573807284235954, 0.00963225495070219, 0.010776722803711891, 0.023721959441900253, -0.023087969049811363, 0.03682877495884895, 0.04102449491620064, 0.022788019850850105, -0.003587766783311963, -0.007386984769254923, -0.023175407201051712, 0.0374935083091259, 0.012390370480716228, -0.014931347221136093, -0.0168516393750906, 0.010065453127026558, -0.016709228977560997, 0.04059348627924919, -0.01309821754693985, -0.057012032717466354, -0.047705650329589844, -0.026394879445433617, 0.017311956733465195, -0.012494002468883991, 0.018149686977267265, 0.010552998632192612, -0.07306300848722458, 0.002850746503099799, -0.012253613211214542, -0.014258411712944508, 0.058154478669166565, 0.008622945286333561, 0.05285029113292694, -0.041578684002161026, -0.03679972141981125, 0.01800755225121975, -0.045252181589603424, 0.039161939173936844, -0.006347453687340021, 0.01897847093641758, -0.018181489780545235, 0.015590089373290539, 0.013352091424167156, 0.017162859439849854, 0.027107687667012215, -0.0375022329390049, -0.009805135428905487, 0.09738567471504211, 0.014291857369244099, -0.0010959990322589874, 0.04719013348221779, -0.037900712341070175, 0.02944640815258026, -0.0035172475036233664, 0.013900232501327991, 0.07419799268245697, -0.050181467086076736, 0.012843888252973557, -0.033198367804288864, 0.004366481676697731, 0.0632634237408638, 0.02114405483007431, 0.00778732867911458, 0.04237440973520279, -0.013735789805650711, -0.03289905562996864, -0.002024228684604168, -0.03297826275229454, -0.019256871193647385, 0.055724333971738815, -0.006425557192414999, 0.0349465012550354, 0.0220582727342844, 0.05478657782077789, -0.03304251655936241, -0.057119641453027725, -0.0382300429046154, 0.0555376298725605, 0.05531686171889305, -0.023841066285967827, 0.070718914270401, -0.026381544768810272, -0.0024385994765907526, 0.015478457324206829, -0.03003305196762085, 0.03513296693563461, -0.03847862780094147, 0.0302349254488945, 0.028784887865185738, 0.016926610842347145, -0.0034097160678356886, -0.01370509248226881, -0.02628595009446144, -0.0272065419703722, -0.0191892571747303, 0.014115558937191963, -0.014593305066227913, -0.0833633616566658, 0.02000098116695881, -0.017673693597316742, -0.07804583758115768, 0.040656015276908875, -0.036458570510149, -0.009655464440584183, -0.0034317784011363983, -0.03593333065509796, 0.03197237849235535, 0.006819169502705336, -0.017834395170211792, -0.018150897696614265, -0.005105997435748577, 0.012311849743127823, 0.0289614200592041, -0.05015593022108078, 0.006036282982677221, 0.004384978674352169, -0.029273228719830513, -0.05333282798528671, 0.03196682780981064, 0.01827586442232132, -0.029708467423915863, 0.030295850709080696, 0.02333798073232174, 0.04576738551259041, 0.012222958728671074, -0.02552845887839794, 0.06715980917215347, 0.02192390151321888, 0.002031085081398487, -0.039174843579530716, -0.0004434014263097197, 0.014163810759782791, -0.08050567656755447, -0.024295013397932053, -0.0033032081555575132, -0.04408114776015282, -0.08311568200588226, 0.01462173368781805, -0.011231428012251854, -0.05240153148770332, -0.028154978528618813, -0.04336591809988022, -0.023245271295309067, 0.016835428774356842, -0.000816754880361259, -0.0286361463367939, -0.06655596196651459, -0.06212920695543289, -0.005649356637150049, -0.07419092208147049, 0.008973551914095879, 0.03858868032693863, -0.027616290375590324, -0.060590051114559174, -0.023069707676768303, 0.020791640505194664, 0.03275291621685028, -0.05154624953866005, -0.012971668504178524, 0.015772104263305664, 0.053855329751968384, -0.013964809477329254, -0.03801047429442406, -0.0018596192821860313, -0.044282346963882446, 0.03610824793577194, -0.029301265254616737, 0.0501437708735466, 0.011758285574615002, -0.0036412393674254417, 0.008046898990869522, 0.06972387433052063, -0.03861311078071594, 0.05614607036113739, 0.004387099761515856, 0.03020375967025757, -0.0009306997526437044, -0.03847655653953552, -0.026360036805272102, 0.01644735597074032, 0.007171011995524168, 0.015894468873739243, -0.08836105465888977, -0.002335677621886134, 0.010343305766582489, 0.03743578493595123, -0.0028872552793473005, -0.008569560945034027, -0.03664632514119148, -0.0533946193754673, 0.0035650490317493677, 0.029815129935741425, -0.02352917566895485, -0.015990769490599632, 0.07289417833089828, -0.0006533263949677348, -0.003189084818586707, 0.05652236565947533, -0.008343681693077087, -0.010315826162695885, -0.028062736615538597, 0.005375905893743038, 0.04575246199965477, -0.042874932289123535, 0.02505817823112011, -0.04577510431408882, -0.05557723343372345, 0.033162422478199005, -0.03225026652216911, -0.056352097541093826, 0.05923378840088844, 0.0037160012871026993, -0.00608478719368577, 0.021434789523482323, -0.02594873495399952, 0.009713868610560894, 0.037239331752061844, -0.07860532402992249, 0.04089729115366936, -0.018685374408960342, -0.0282486192882061, -0.01222524605691433, -0.0531090646982193, -0.031205909326672554, 0.011819847859442234, 0.002400368684902787, -0.02851531095802784, 0.0029274679254740477, 0.06251217424869537, -0.015574891120195389, -0.007427999749779701, -0.02378040738403797, 0.06871610134840012, 0.03991822153329849, -0.027628814801573753, 0.0408448651432991, 0.004561611916869879, -0.03613818436861038, 0.08279921859502792, 0.03772662952542305, -0.012873862870037556, 0.011226855218410492, -0.02818245068192482, -0.05907420068979263, 0.025744250044226646, 0.014580183662474155, -0.013251944445073605, -0.053870707750320435, -0.0068771508522331715, -0.04427274316549301, -0.014008989557623863, 0.00428353063762188, 0.016977351158857346, -0.030672792345285416, -0.03944806009531021, 0.043841615319252014, 0.006109786685556173, 0.033145975321531296, 0.03196817263960838, -0.08837930858135223, -0.04098081961274147, -0.055887553840875626, 0.05437391996383667, -0.033587537705898285, 0.007368048653006554, -0.01056857593357563, 0.0007509692804887891, 0.022013263776898384, -0.0299671683460474, 0.033057212829589844, -0.027161147445440292, -0.045597806572914124, -0.042977817356586456, -0.008182007819414139, -0.02807018533349037, 0.023066837340593338, 0.006920201238244772, 0.013761521317064762, 0.011961166746914387, -0.03656842187047005, -0.03967377915978432, -0.033721260726451874, 0.02808455005288124, 0.03973381966352463, 0.0073040202260017395, -0.0016828636871650815, 0.03962608426809311, -0.019617823883891106, 0.042419154196977615, -0.0462787002325058, 0.004035466816276312, -0.012158405967056751, -0.024262934923171997, -0.043479762971401215, 0.022137591615319252, -0.08240141719579697, -0.018367774784564972, -0.07512558996677399, -0.0534835122525692, -0.03330611810088158, -0.02948327548801899, -0.030958903953433037, -0.023033279925584793, 0.016257308423519135, 0.00960446149110794, 0.010410930961370468, 0.01336632389575243, 0.0144492257386446, 0.015394739806652069, -0.07381833344697952, 0.001451395102776587, -0.020254872739315033, 0.0988190770149231, -0.043156713247299194, 0.08021088689565659, 0.045600663870573044, -0.008316624909639359, 0.0020296063739806414, 0.03670339286327362, -0.013327529653906822, 0.01050814613699913, -0.0659111961722374, -0.07995471358299255, 0.03658469766378403, -0.03620848432183266, -0.0151308448985219, -0.026162950322031975, -0.07904588431119919, 0.04808424040675163, -0.03775697946548462, -0.048073187470436096, -0.07725992798805237, -0.030668973922729492, -0.00394835788756609, 0.007565682288259268, 0.026049863547086716, -0.04686608538031578, 0.017085406929254532, 0.03990653529763222, -0.023023761808872223, -0.010397671721875668, -0.003294965485110879, -0.06564447283744812, 0.004666364286094904, 0.047488875687122345, -0.04323316365480423, -0.0099704060703516, 0.010322190821170807, -0.01415291428565979, 0.010951277799904346, 0.0336022786796093, -0.023699656128883362, 0.023677539080381393, 0.04915882647037506, 0.017861943691968918, 0.013145452365279198, -0.004576114472001791, 0.02057117410004139, -0.01967407949268818, -0.010112110525369644, 0.037214670330286026, 0.04312309995293617, 0.01589762419462204, 0.014134448021650314, 0.007264610845595598, -0.0326213613152504, -0.009452949278056622, 0.00715120742097497, -0.0781431645154953, -0.03874124214053154, 0.008588790893554688, -0.05000900849699974, -0.00652060704305768, 0.05054571479558945, -0.05007944628596306, -0.022208914160728455, -0.03427686169743538, 0.08857009559869766, -0.09449203312397003, 0.0009612754220142961, 0.04684299975633621, -0.027428332716226578, -0.002950978232547641, -0.003323237644508481, 0.05052455514669418, -0.035637278109788895, 0.009032420814037323, 0.018062466755509377, 0.0033673241268843412, -0.00544694485142827, -0.005103821400552988, 0.0007390600512735546, 0.030096568167209625, -0.08162059634923935, 0.010805596597492695, 0.0050269910134375095, 0.0046667736023664474, -0.02269548922777176, 0.06601987034082413, -0.006612667813897133, 0.027343319728970528, 0.023979708552360535, -0.037138864398002625, -0.016663838177919388, 0.03771094232797623, -0.005132646299898624, -0.022153684869408607, -0.0031967726536095142, 0.0006141929188743234, -0.02606077678501606, 0.026278531178832054, 0.029325775802135468, -0.0677589401602745, -0.06899859011173248, 0.04905667528510094, -0.053748007863759995, -0.019764576107263565, 0.02301747351884842, 0.03392738103866577, -0.04000730812549591, 0.08335477858781815, -0.02442106045782566, -0.07426810264587402, -0.0031688539311289787, -0.013561693020164967, 0.028827622532844543, 0.06104476749897003, 0.01097109541296959, -0.03105095401406288, 0.08556130528450012, 0.03018544800579548, 0.05426950380206108, 0.03647336736321449, -0.002233681967481971, 0.020416932180523872, -0.0058783553540706635, -0.027437381446361542, 0.006548471283167601, 0.013360858894884586, -0.010883495211601257, 0.01566026173532009, 0.04530475288629532, -0.022214997559785843, 0.024714380502700806, 0.007409236393868923, -0.039317868649959564, -0.01503539364784956, -0.053060565143823624, 0.033495258539915085, -0.012323897331953049, 0.02144649811089039, -0.01583445817232132, 0.019968193024396896, 0.006009729579091072, 0.01765327900648117, -0.00482363672927022, -0.0348028726875782, 0.0031930587720125914, 0.029317069798707962, -0.006937072146683931, -0.016489563509821892, -0.08289895951747894, 0.055276837199926376, -0.0467345155775547, 0.005860242061316967, -0.03631815314292908, 0.00881886575371027, 0.030091028660535812, -0.026216058060526848, -0.04432910308241844, 0.00932032335549593, -0.0023478446528315544, -0.019246643409132957, -0.011898373253643513, 0.07735731452703476, 0.01251401100307703, 0.04066131263971329, 0.08586031198501587, -0.02923903986811638, 0.011142336763441563, -0.05303801968693733, -0.00952058658003807, -0.013340144418179989, -0.0209527388215065, 0.003109916113317013, 0.046136509627103806, -0.10075589269399643, -0.016235359013080597, 0.007859224453568459, 0.007463882211595774, 0.010137379169464111, 0.04893418401479721, 0.002791560487821698, -0.13408984243869781, -0.05658780783414841, 0.0035000562202185392, -0.03380082920193672, 0.06068601459264755, -0.004802233073860407, -0.007280625868588686, 0.01256219670176506, 0.00512133352458477, -0.014294421300292015, -0.023242592811584473, 0.07303360104560852, -0.03841442987322807, -0.026448849588632584, 0.034916672855615616, -0.0071080876514315605, -0.009601807221770287, -0.015775015577673912, 0.019696254283189774, -0.0337839238345623, -0.05035782605409622, -0.0051859598606824875, 0.06277871131896973, -0.0624648816883564, 0.019837606698274612, 0.058195870369672775, 6.802013558626641e-06, 0.016247320920228958, 0.06358664482831955, -0.03967715799808502, 0.03368372470140457, 0.018444087356328964, -0.018748600035905838, 0.026046009734272957, -0.025975767523050308, 0.0008731212583370507, -0.0031945244409143925, 0.014477312564849854, 0.011765950359404087, -0.024684805423021317, 0.015519984066486359, -0.04328816011548042, -0.01803349331021309, 0.023878533393144608, -0.02487683854997158, -0.044340603053569794, -0.003131781704723835, 0.08090689778327942, -0.016836000606417656, -0.035688985139131546, -0.008187839761376381, -5.7049055612878874e-05, 0.06522604823112488, -0.023239627480506897, -0.03446533903479576, -0.0026549911126494408, 0.05246618390083313, -0.02936290018260479, -0.03310036286711693, -0.003377755405381322, 0.048242371529340744, 0.02636036090552807, 0.011857852339744568, 0.043570488691329956, -0.023308677598834038, -0.06153538078069687, 0.03635145351290703, 0.043806660920381546, -0.011429639533162117, 0.002105810446664691, -0.01524822786450386, -0.03839154168963432, 0.08011229336261749, -0.028139743953943253, 0.008111141622066498, -0.000735076901037246, -0.0065805683843791485, -0.017031878232955933, 0.0802055299282074, -0.013930252753198147, 0.010359827429056168, -0.017721697688102722, -0.016447141766548157, 0.09509848803281784, -0.07457167655229568, 0.024690711870789528, 0.0006353422650136054, -0.04941825196146965, 0.03451700136065483, -0.01255430094897747, 0.0024196624290198088, -0.037699680775403976, -0.06395053118467331, -0.05230163782835007, -0.0021373231429606676, -0.01228663045912981, 0.02144223265349865, 0.03118135780096054, -0.04815475270152092, 0.034039147198200226, -0.008880064822733402, 0.008395003154873848, 0.006735783535987139, -0.04542383551597595, -0.002873803488910198, 0.013087615370750427, 0.01964486576616764, 0.06085629761219025, -0.04033013805747032, 0.03431817516684532, 0.0022300181444734335, 0.0004074719035997987, 0.02751055546104908, -0.049255795776844025, -0.021631527692079544, 0.046218808740377426, -0.003240379272028804, 0.05130255967378616, 0.00019718086696229875, 0.0028438863810151815, 0.016730815172195435]",0.6322360038757324
